
SET @MYSQLDUMP_TEMP_LOG_BIN = @@SESSION.SQL_LOG_BIN;
SET @@SESSION.SQL_LOG_BIN= 0;



DROP TABLE IF EXISTS `budget_product`;

CREATE TABLE `budget_product` (
  `id` bigint unsigned NOT NULL AUTO_INCREMENT,
  `budget_id` bigint unsigned NOT NULL,
  `product_id` bigint unsigned NOT NULL,
  `quantity` varchar(255) NOT NULL,
  `price` varchar(255) NOT NULL,
  PRIMARY KEY (`id`),
  KEY `budget_product_budget_id_foreign` (`budget_id`),
  KEY `budget_product_product_id_foreign` (`product_id`),
  CONSTRAINT `budget_product_budget_id_foreign` FOREIGN KEY (`budget_id`) REFERENCES `budgets` (`id`),
  CONSTRAINT `budget_product_product_id_foreign` FOREIGN KEY (`product_id`) REFERENCES `products` (`id`)
) ENGINE=InnoDB;

LOCK TABLES `budget_product` WRITE;

UNLOCK TABLES;

DROP TABLE IF EXISTS `budgets`;

CREATE TABLE `budgets` (
  `id` bigint unsigned NOT NULL AUTO_INCREMENT,
  `client_name` varchar(255) NOT NULL,
  `client_company` varchar(255) NOT NULL,
  `client_phone` varchar(255) NOT NULL,
  `client_email` varchar(255) NOT NULL,
  `user_id` bigint unsigned DEFAULT NULL,
  `status` varchar(255) NOT NULL DEFAULT 'pending',
  `payment_term` varchar(255) DEFAULT '10 dias úteis',
  `delivery_term` varchar(255) DEFAULT 'De 25 a 30 dias úteis a partir da data de pagamento',
  `payment_method` varchar(255) DEFAULT 'Boleto Bancário',
  `validity` varchar(255) DEFAULT '3 dias úteis',
  `minimum_billing` varchar(255) DEFAULT '2000',
  `delivery_conditions` varchar(255) DEFAULT NULL,
  `observations` text COLLATE utf8mb4_unicode_ci,
  `deleted_at` timestamp NULL DEFAULT NULL,
  `created_at` timestamp NULL DEFAULT NULL,
  `updated_at` timestamp NULL DEFAULT NULL,
  PRIMARY KEY (`id`),
  KEY `budgets_user_id_foreign` (`user_id`),
  CONSTRAINT `budgets_user_id_foreign` FOREIGN KEY (`user_id`) REFERENCES `users` (`id`) ON DELETE SET NULL
) ENGINE=InnoDB AUTO_INCREMENT=11;

LOCK TABLES `budgets` WRITE;

INSERT INTO `budgets` VALUES (1,'teste 1','empresa teste 2','(34) 25235-2352','empresa@teste.com',2,'sent','10 dias úteis','De 25 a 30 dias úteis a partir da data de pagamento','Boleto Bancário','3 dias úteis','R$ 2.000,00',NULL,NULL,'2023-11-29 13:38:44','2023-05-19 17:33:42','2023-11-29 13:38:44'),(2,'Paulo','Mezzalira','(04) 90393-9990','paulo@mktchef.com.br',2,'sold','10 dias úteis','De 25 a 30 dias úteis a partir da data de pagamento','Boleto Bancário','3 dias úteis','R$ 2.000,00','Entregamos em 5 dias úteis','observações','2023-11-30 12:30:30','2023-05-25 08:40:16','2023-11-30 12:30:30'),(3,'Leandro Jaques','Teste MKTG Secoli','(11) 99256-6560','leandro.santos@secoli.com.br',2,'pending','25 dias úteis','De 25 a 30 dias úteis a partir da data de pagamento','Boleto Bancário','30 dias úteis','R$ 2.000,00','2345678','Sem observações',NULL,'2023-06-09 10:10:42','2023-06-09 10:10:42'),(4,'Leandro Jaques','Leandro EMPRESA 2','(11) 99256-6560','leandro.santos@secoli.com.br',2,'pending','10 dias úteis','De 25 a 30 dias úteis a partir da data de pagamento','Boleto Bancário','3 dias úteis','R$ 2.000,00',NULL,'Observações gerais aqui. Observações gerais aqui.  Observações gerais aqui. Observações gerais aqui. Observações gerais aqui. Observações gerais aqui. \r\n\r\nObservações gerais aqui. Observações gerais aqui. \r\nObservações gerais aqui. Observações gerais aqui. \r\n\r\nObservações gerais aqui. \r\n\r\nObservações gerais aqui. Observações gerais aqui. Observações gerais aqui. Observações gerais aqui. Observações gerais aqui. Observações gerais aqui. Observações gerais aqui.','2023-12-01 13:38:47','2023-06-09 13:18:09','2023-12-01 13:38:47'),(5,'Alex teste Orçamento','teste empresa','(34) 2343-2432','alex@teste.com',2,'pending','10 dias úteis','De 25 a 30 dias úteis a partir da data de pagamento','Boleto Bancário','3 dias úteis','R$ 2.000,00',NULL,NULL,'2023-11-30 12:09:44','2023-10-31 13:39:56','2023-11-30 12:09:44'),(6,'NECESSAIRE TESTE','SECOLI TESTE','(11) 55667-7232','admin@email.com',4,'pending','10 dias úteis','De 25 a 30 dias úteis a partir da data de pagamento','Boleto Bancário','3 dias úteis','R$ 2.000,00','30 dias','nenhuma','2023-11-08 18:27:02','2023-11-08 14:04:37','2023-11-08 18:27:02'),(7,'NECESSAIRE TESTE 2','SECOLI TESTE','(11) 96664-4552','admin@email.com',2,'pending','10 dias úteis','De 25 a 30 dias úteis a partir da data de pagamento','Boleto Bancário','3 dias úteis','R$ 2.000,00','30 dias','Nenhuma','2023-12-05 10:40:14','2023-11-08 14:14:11','2023-12-05 10:40:14'),(8,'NECESSAIRE TESTE 3','SECOLI TESTE','(11) 98883-7373','admin@email.com',4,'pending','10 dias úteis','De 25 a 30 dias úteis a partir da data de pagamento','Boleto Bancário','3 dias úteis','R$ 2.000,00','30 dias','Nenhum',NULL,'2023-11-08 14:23:32','2023-11-08 14:23:32'),(9,'Felipe  Turbian','SECOLI TESTE','(11) 96464-6464','admin@email.com',4,'pending','10 dias úteis','De 25 a 30 dias úteis a partir da data de pagamento','Boleto Bancário','3 dias úteis','R$ 2.000,00','Frete para grande são paulo','Teste observação condições de fornecimento',NULL,'2023-11-08 14:59:14','2023-11-08 14:59:14'),(10,'NECESSAIRE TESTE 4 especial','SECOLI TESTE','(11) 73273-2762','admin@email.com',2,'pending','10 dias úteis','De 25 a 30 dias úteis a partir da data de pagamento','Boleto Bancário','3 dias úteis','R$ 2.000,00',NULL,NULL,NULL,'2023-11-08 15:16:30','2023-11-08 15:16:30');

UNLOCK TABLES;

DROP TABLE IF EXISTS `categories`;

CREATE TABLE `categories` (
  `id` bigint unsigned NOT NULL AUTO_INCREMENT,
  `name` varchar(255) NOT NULL,
  `deleted_at` timestamp NULL DEFAULT NULL,
  `created_at` timestamp NULL DEFAULT NULL,
  `updated_at` timestamp NULL DEFAULT NULL,
  PRIMARY KEY (`id`)
) ENGINE=InnoDB AUTO_INCREMENT=15;

LOCK TABLES `categories` WRITE;

INSERT INTO `categories` VALUES (1,'categoria 1','2023-12-04 10:53:15','2023-05-19 18:21:37','2023-12-04 10:53:15'),(2,'categoria 2','2023-05-19 18:22:15','2023-05-19 18:22:13','2023-05-19 18:22:15'),(3,'teste 1','2023-05-19 18:22:45','2023-05-19 18:22:33','2023-05-19 18:22:45'),(4,'Carteiras','2023-12-04 10:53:18','2023-05-25 08:41:10','2023-12-04 10:53:18'),(5,'Necessaire',NULL,'2023-12-04 11:01:55','2023-12-04 11:01:55'),(6,'Bolsas e Mochilas',NULL,'2023-12-05 09:52:32','2023-12-05 09:52:32'),(7,'Carteiras',NULL,'2023-12-05 09:52:59','2023-12-05 09:52:59'),(8,'Sacolas',NULL,'2023-12-05 09:53:35','2023-12-05 09:53:35'),(9,'Ecológico',NULL,'2023-12-05 09:53:55','2023-12-05 09:53:55'),(10,'Cases e Embalagens',NULL,'2023-12-05 09:54:19','2023-12-05 09:54:19'),(11,'Desenvolvimento',NULL,'2023-12-05 09:54:52','2023-12-05 09:54:52'),(12,'Escritório',NULL,'2023-12-05 09:57:21','2023-12-05 09:57:21'),(13,'Dia-a-Dia',NULL,'2023-12-05 10:14:17','2023-12-05 10:14:17'),(14,'Categorias',NULL,'2023-12-05 10:18:00','2023-12-05 10:18:00');

UNLOCK TABLES;

DROP TABLE IF EXISTS `category_product`;

CREATE TABLE `category_product` (
  `id` bigint unsigned NOT NULL AUTO_INCREMENT,
  `category_id` bigint unsigned NOT NULL,
  `product_id` bigint unsigned NOT NULL,
  PRIMARY KEY (`id`),
  KEY `category_product_category_id_foreign` (`category_id`),
  KEY `category_product_product_id_foreign` (`product_id`),
  CONSTRAINT `category_product_category_id_foreign` FOREIGN KEY (`category_id`) REFERENCES `categories` (`id`),
  CONSTRAINT `category_product_product_id_foreign` FOREIGN KEY (`product_id`) REFERENCES `products` (`id`)
) ENGINE=InnoDB AUTO_INCREMENT=52;

LOCK TABLES `category_product` WRITE;

INSERT INTO `category_product` VALUES (10,1,4),(11,1,3),(14,1,5),(17,1,17),(18,4,17),(19,1,18),(20,4,18),(21,1,20),(22,4,20),(23,1,21),(24,4,21),(31,5,27),(32,5,8),(39,5,33),(41,5,34),(43,5,35),(46,5,31),(47,5,36),(49,5,37),(51,5,38);

UNLOCK TABLES;

DROP TABLE IF EXISTS `failed_jobs`;

CREATE TABLE `failed_jobs` (
  `id` bigint unsigned NOT NULL AUTO_INCREMENT,
  `uuid` varchar(255) NOT NULL,
  `connection` text NOT NULL,
  `queue` text NOT NULL,
  `payload` longtext NOT NULL,
  `exception` longtext NOT NULL,
  `failed_at` timestamp NOT NULL DEFAULT CURRENT_TIMESTAMP,
  PRIMARY KEY (`id`),
  UNIQUE KEY `failed_jobs_uuid_unique` (`uuid`)
) ENGINE=InnoDB;

LOCK TABLES `failed_jobs` WRITE;

UNLOCK TABLES;

DROP TABLE IF EXISTS `migrations`;

CREATE TABLE `migrations` (
  `id` int unsigned NOT NULL AUTO_INCREMENT,
  `migration` varchar(255) NOT NULL,
  `batch` int NOT NULL,
  PRIMARY KEY (`id`)
) ENGINE=InnoDB AUTO_INCREMENT=16;

LOCK TABLES `migrations` WRITE;

INSERT INTO `migrations` VALUES (1,'2014_10_12_000000_create_users_table',1),(2,'2014_10_12_100000_create_password_reset_tokens_table',1),(3,'2014_10_12_100000_create_password_resets_table',1),(4,'2019_08_19_000000_create_failed_jobs_table',1),(5,'2019_12_14_000001_create_personal_access_tokens_table',1),(6,'2023_03_17_204213_create_budgets_table',1),(7,'2023_03_17_204924_create_categories_table',1),(8,'2023_03_17_204954_create_sub_categories_table',1),(9,'2023_03_17_205021_create_products_table',1),(10,'2023_03_17_210930_create_product_photos_table',1),(11,'2023_03_17_215553_create_sub_category_product_table',1),(12,'2023_03_20_212154_create_budget_product_table',1),(13,'2023_03_21_175157_create_category_product_table',1),(14,'2023_03_28_230137_create_product_sub_category_table',1),(15,'2023_04_05_204212_create_product_values_table',1);

UNLOCK TABLES;

DROP TABLE IF EXISTS `password_reset_tokens`;

CREATE TABLE `password_reset_tokens` (
  `id` bigint unsigned NOT NULL AUTO_INCREMENT,
  `email` varchar(255) NOT NULL,
  `token` varchar(255) NOT NULL,
  `created_at` timestamp NULL DEFAULT NULL,
  PRIMARY KEY (`id`),
  KEY `password_reset_tokens_email_index` (`email`)
) ENGINE=InnoDB AUTO_INCREMENT=5;

LOCK TABLES `password_reset_tokens` WRITE;

UNLOCK TABLES;

DROP TABLE IF EXISTS `password_resets`;

CREATE TABLE `password_resets` (
  `id` bigint unsigned NOT NULL AUTO_INCREMENT,
  `email` varchar(255) NOT NULL,
  `token` varchar(255) NOT NULL,
  `created_at` timestamp NULL DEFAULT NULL,
  PRIMARY KEY (`id`),
  KEY `password_resets_email_index` (`email`)
) ENGINE=InnoDB;

LOCK TABLES `password_resets` WRITE;

UNLOCK TABLES;

DROP TABLE IF EXISTS `personal_access_tokens`;

CREATE TABLE `personal_access_tokens` (
  `id` bigint unsigned NOT NULL AUTO_INCREMENT,
  `tokenable_type` varchar(255) NOT NULL,
  `tokenable_id` bigint unsigned NOT NULL,
  `name` varchar(255) NOT NULL,
  `token` varchar(64) NOT NULL,
  `abilities` text COLLATE utf8mb4_unicode_ci,
  `last_used_at` timestamp NULL DEFAULT NULL,
  `expires_at` timestamp NULL DEFAULT NULL,
  `created_at` timestamp NULL DEFAULT NULL,
  `updated_at` timestamp NULL DEFAULT NULL,
  PRIMARY KEY (`id`),
  UNIQUE KEY `personal_access_tokens_token_unique` (`token`),
  KEY `personal_access_tokens_tokenable_type_tokenable_id_index` (`tokenable_type`,`tokenable_id`)
) ENGINE=InnoDB;

LOCK TABLES `personal_access_tokens` WRITE;

UNLOCK TABLES;

DROP TABLE IF EXISTS `product_photos`;

CREATE TABLE `product_photos` (
  `id` bigint unsigned NOT NULL AUTO_INCREMENT,
  `path` varchar(255) NOT NULL,
  `product_id` bigint unsigned NOT NULL,
  `created_at` timestamp NULL DEFAULT NULL,
  `updated_at` timestamp NULL DEFAULT NULL,
  PRIMARY KEY (`id`),
  KEY `product_photos_product_id_foreign` (`product_id`),
  CONSTRAINT `product_photos_product_id_foreign` FOREIGN KEY (`product_id`) REFERENCES `products` (`id`) ON DELETE CASCADE
) ENGINE=InnoDB AUTO_INCREMENT=251;

LOCK TABLES `product_photos` WRITE;

INSERT INTO `product_photos` VALUES (52,'storage/products/ueeOk0H0CR9SBL6osVRC37oR9Qc4p1R85DN4xKWu.webp',12,'2023-07-12 10:49:53','2023-07-12 10:49:53'),(66,'storage/products/8VmYi4oVsSCrNOUmr59i7bZXRBhItvR8bIUmCUJ7.png',13,'2023-07-12 11:03:38','2023-07-12 11:03:38'),(67,'storage/products/ueeOk0H0CR9SBL6osVRC37oR9Qc4p1R85DN4xKWu.webp',13,'2023-07-12 11:03:38','2023-07-12 11:03:38'),(79,'storage/products/GOphHNshvJgPmmbXjjyKD2gbSns8Jjk1zvbkIEpB.png',10,'2023-11-08 11:13:49','2023-11-08 11:13:49'),(80,'storage/products/tTdlw3z0zK9jhSPQg211E4iLLa4Oki9uIpDLTOez.png',10,'2023-11-08 11:13:49','2023-11-08 11:13:49'),(81,'storage/products/FQDKCHl61LoggboO5Rzu5KofP51OVbm2ErspTQ53.png',10,'2023-11-08 11:13:50','2023-11-08 11:13:50'),(82,'storage/products/LheP9tURo3RVhR0gojOqtgnyUwbJs5ADICQjqhuU.png',14,'2023-11-08 11:13:50','2023-11-08 11:13:50'),(95,'storage/products/o7J3XC2CJLf9Y0DnLzt9I1afrOe4C6zlpLBsPaMq.jpg',24,'2023-11-08 14:59:14','2023-11-08 14:59:14'),(96,'storage/products/caSGg3WPubg2jw99QH76xNewD3Q79K5c9OBM4fQB.jpg',24,'2023-11-08 14:59:14','2023-11-08 14:59:14'),(97,'storage/products/fL2ieawrkJW8KDTBJjvbNdx4h2Vscy4to0Xi3cMe.jpg',24,'2023-11-08 14:59:14','2023-11-08 14:59:14'),(177,'storage/products/SDCFpmZDP6kAdFFV9EboD8Joh0OYoAG1q2oa3KGh.png',28,'2023-12-01 17:25:28','2023-12-01 17:25:28'),(178,'storage/products/VULIOy8Hi8l7Mb0aDnmX9nH8AGkLX6EW32KZhn1O.png',28,'2023-12-01 17:25:28','2023-12-01 17:25:28'),(217,'storage/products/DtsLEBOVshhDbL1pyC5y5Bu1MNlDAOz3CDZmq4eH.jpg',23,'2023-12-07 17:06:48','2023-12-07 17:06:48'),(220,'storage/products/ag2Wkwx7SLcEtbltFsawOSjJaUdv8xRTiHcowAa7.jpg',25,'2023-12-07 17:31:50','2023-12-07 17:31:50'),(221,'storage/products/Nv1X2QHvuCZ34KvzXeNqinezjyCmVumJNIZnA8nd.jpg',26,'2023-12-07 17:31:50','2023-12-07 17:31:50'),(222,'storage/products/nwKdw7azqvt0jQa5379XA4u4nm01OiZUoX93HJtm.jpg',26,'2023-12-07 17:31:50','2023-12-07 17:31:50'),(223,'storage/products/9Ut9q4VnVejFnADcp2c64YDjPBf68wZ5maP1LDAE.jpg',31,'2023-12-18 14:51:15','2023-12-18 14:51:15'),(224,'storage/products/XXHk1mA3lshKyvmE9STGMz38eR3Cl95RK74DHCF7.jpg',31,'2023-12-18 14:51:15','2023-12-18 14:51:15'),(233,'storage/products/IxCCE3eLLe38wgXUJECLcDCWtuywdP5Xrpvr8Rdr.jpg',33,'2023-12-19 11:56:41','2023-12-19 11:56:41'),(234,'storage/products/G37W8AfNYLiaQoJM2cuNJp7utEDI02h3hUg3syUN.jpg',33,'2023-12-19 11:56:41','2023-12-19 11:56:41'),(235,'storage/products/dwtpVyrvGD23FFuvZA9AKd6Buw7halYlMgWZdQN4.jpg',33,'2023-12-19 11:56:41','2023-12-19 11:56:41'),(236,'storage/products/R7TcwZ5x6c7TWlWOH1LXtSsK5AxR2FlhBl1RD4Nr.jpg',33,'2023-12-19 11:56:41','2023-12-19 11:56:41'),(237,'storage/products/uPi1f8uhCXw6LdyuHs3tbrUqsa8vFt2WDZ8JWDe9.jpg',34,'2023-12-20 08:31:40','2023-12-20 08:31:40'),(238,'storage/products/8gQY036EhpTLpdcFPQmhRrwbmQTZDkk9Hu7wkT2S.jpg',34,'2023-12-20 08:31:40','2023-12-20 08:31:40'),(239,'storage/products/kRI3fVi8Jqx2kBUkctdQP3RgEj21z7wb0dwXA0XF.jpg',34,'2023-12-20 08:31:40','2023-12-20 08:31:40'),(240,'storage/products/3ywkCBiXgSNL4W7KuwyToVsfxudGSsJv5T7DKrml.jpg',34,'2023-12-20 08:31:40','2023-12-20 08:31:40'),(241,'storage/products/qMRvbSzqnySeb5XBhSDCbpMtnvwgSwKqrUVk3BY3.jpg',35,'2023-12-20 08:36:26','2023-12-20 08:36:26'),(242,'storage/products/UYrjPjWMFNfMKoZ81Bmli7t5SBGDE8oV56B7vLPO.jpg',35,'2023-12-20 08:36:27','2023-12-20 08:36:27'),(243,'storage/products/ge1hv8BrUG2qU0UqCp1LTSLIe7VaJQY5TVhVNUI0.jpg',35,'2023-12-20 08:36:27','2023-12-20 08:36:27'),(244,'storage/products/E5leThpXBjEkeC7StJz4IO6NKqjD8u5gogdln1k0.jpg',35,'2023-12-20 08:36:27','2023-12-20 08:36:27'),(245,'storage/products/9Ut9q4VnVejFnADcp2c64YDjPBf68wZ5maP1LDAE.jpg',31,'2023-12-20 09:05:16','2023-12-20 09:05:16'),(246,'storage/products/XXHk1mA3lshKyvmE9STGMz38eR3Cl95RK74DHCF7.jpg',31,'2023-12-20 09:05:16','2023-12-20 09:05:16'),(247,'storage/products/vBq4r6tvllGQhD0SdIaxQx9HG3RWZxJjGniwo0Ht.jpg',36,'2023-12-20 09:06:20','2023-12-20 09:06:20'),(248,'storage/products/WZGfXjOxgUNUZtzHNqXlIUMbVB1ahX48u2Rj9OuP.jpg',36,'2023-12-20 09:06:20','2023-12-20 09:06:20'),(249,'storage/products/V7jZy00aq02VL9Vvq2pZF7WBo5sHWRieu8ZYWNhL.jpg',37,'2023-12-20 09:14:18','2023-12-20 09:14:18'),(250,'storage/products/GVPwIfmRlHFKORRUD20M2M4zZI161jmHcY4o6ifm.jpg',37,'2023-12-20 09:14:18','2023-12-20 09:14:18');

UNLOCK TABLES;

DROP TABLE IF EXISTS `product_sub_category`;


CREATE TABLE `product_sub_category` (
  `id` bigint unsigned NOT NULL AUTO_INCREMENT,
  `product_id` bigint unsigned NOT NULL,
  `sub_category_id` bigint unsigned NOT NULL,
  PRIMARY KEY (`id`),
  KEY `product_sub_category_product_id_foreign` (`product_id`),
  KEY `product_sub_category_sub_category_id_foreign` (`sub_category_id`),
  CONSTRAINT `product_sub_category_product_id_foreign` FOREIGN KEY (`product_id`) REFERENCES `products` (`id`),
  CONSTRAINT `product_sub_category_sub_category_id_foreign` FOREIGN KEY (`sub_category_id`) REFERENCES `sub_categories` (`id`)
) ENGINE=InnoDB AUTO_INCREMENT=89;



LOCK TABLES `product_sub_category` WRITE;

INSERT INTO `product_sub_category` VALUES (21,4,4),(22,3,1),(25,5,1),(28,17,1),(29,17,9),(30,18,1),(31,18,9),(32,20,1),(33,20,9),(34,21,1),(35,21,8),(43,27,11),(44,8,10),(45,8,11),(54,33,10),(59,34,10),(60,34,43),(61,34,46),(62,34,48),(67,35,10),(68,35,43),(69,35,46),(70,35,48),(73,31,10),(74,31,43),(75,31,44),(76,36,43),(80,37,10),(81,37,46),(82,37,48),(86,38,10),(87,38,46),(88,38,48);

UNLOCK TABLES;


DROP TABLE IF EXISTS `product_values`;


CREATE TABLE `product_values` (
  `id` bigint unsigned NOT NULL AUTO_INCREMENT,
  `quantity` varchar(255) NOT NULL,
  `price` varchar(255) NOT NULL,
  `product_id` bigint unsigned DEFAULT NULL,
  `deleted_at` timestamp NULL DEFAULT NULL,
  `created_at` timestamp NULL DEFAULT NULL,
  `updated_at` timestamp NULL DEFAULT NULL,
  PRIMARY KEY (`id`),
  KEY `product_values_product_id_foreign` (`product_id`),
  CONSTRAINT `product_values_product_id_foreign` FOREIGN KEY (`product_id`) REFERENCES `products` (`id`) ON DELETE CASCADE
) ENGINE=InnoDB AUTO_INCREMENT=108;

LOCK TABLES `product_values` WRITE;

INSERT INTO `product_values` VALUES (1,'1000','1000',6,'2023-05-22 17:27:30','2023-05-19 17:33:42','2023-05-22 17:27:30'),(2,'4000','500',7,'2023-05-22 17:27:30','2023-05-19 17:33:42','2023-05-22 17:27:30'),(3,'1000','1000',6,'2023-05-22 17:27:48','2023-05-22 17:27:30','2023-05-22 17:27:48'),(4,'4000','500',7,'2023-05-22 17:27:48','2023-05-22 17:27:30','2023-05-22 17:27:48'),(5,'1000','1000',6,'2023-05-25 09:08:14','2023-05-22 17:27:48','2023-05-25 09:08:14'),(6,'4000','500',7,'2023-05-25 09:08:14','2023-05-22 17:27:48','2023-05-25 09:08:14'),(7,'5000','5000',9,'2023-05-25 08:44:42','2023-05-25 08:40:16','2023-05-25 08:44:42'),(8,'2000','6000',9,'2023-05-25 08:44:42','2023-05-25 08:40:16','2023-05-25 08:44:42'),(9,'5000','5000',9,'2023-05-25 09:08:42','2023-05-25 08:44:42','2023-05-25 09:08:42'),(10,'2000','6000',9,'2023-05-25 09:08:42','2023-05-25 08:44:42','2023-05-25 09:08:42'),(11,'1000','1000',6,'2023-11-29 13:38:44','2023-05-25 09:08:14','2023-11-29 13:38:44'),(12,'4000','500',7,'2023-11-29 13:38:44','2023-05-25 09:08:14','2023-11-29 13:38:44'),(13,'5000','5000',9,'2023-11-30 12:30:30','2023-05-25 09:08:42','2023-11-30 12:30:30'),(14,'2000','6000',9,'2023-11-30 12:30:30','2023-05-25 09:08:42','2023-11-30 12:30:30'),(15,'9999','5990',10,'2023-07-12 10:49:53','2023-06-09 10:10:42','2023-07-12 10:49:53'),(16,'200','999',11,'2023-12-01 13:38:47','2023-06-09 13:18:09','2023-12-01 13:38:47'),(17,'10','10000',12,NULL,'2023-07-12 10:49:53','2023-07-12 10:49:53'),(18,'9999','5990',10,'2023-07-12 10:50:36','2023-07-12 10:49:53','2023-07-12 10:50:36'),(19,'10','10000',13,'2023-07-12 11:02:02','2023-07-12 10:50:36','2023-07-12 11:02:02'),(20,'9999','5990',10,'2023-07-12 11:02:02','2023-07-12 10:50:36','2023-07-12 11:02:02'),(21,'9999','999',10,'2023-07-12 11:03:38','2023-07-12 11:02:02','2023-07-12 11:03:38'),(22,'10','10000',13,'2023-07-12 11:03:38','2023-07-12 11:02:02','2023-07-12 11:03:38'),(23,'10','999',14,'2023-11-08 11:07:56','2023-07-12 11:03:38','2023-11-08 11:07:56'),(24,'9999','999',10,'2023-11-08 11:07:56','2023-07-12 11:03:38','2023-11-08 11:07:56'),(25,'10','10000',13,NULL,'2023-07-12 11:03:38','2023-07-12 11:03:38'),(26,'1','1000',15,'2023-10-31 13:40:56','2023-10-31 13:39:56','2023-10-31 13:40:56'),(27,'2','2000',15,'2023-10-31 13:40:56','2023-10-31 13:39:56','2023-10-31 13:40:56'),(28,'1','1000',15,'2023-10-31 13:41:14','2023-10-31 13:40:56','2023-10-31 13:41:14'),(29,'2','2000',15,'2023-10-31 13:41:14','2023-10-31 13:40:56','2023-10-31 13:41:14'),(30,'1','1000',15,'2023-10-31 13:41:51','2023-10-31 13:41:14','2023-10-31 13:41:51'),(31,'2','2000',15,'2023-10-31 13:41:51','2023-10-31 13:41:14','2023-10-31 13:41:51'),(32,'2','50000',16,'2023-11-30 12:09:44','2023-10-31 13:41:51','2023-11-30 12:09:44'),(33,'1','1000',15,'2023-11-30 12:09:44','2023-10-31 13:41:51','2023-11-30 12:09:44'),(34,'2','2000',15,'2023-11-30 12:09:44','2023-10-31 13:41:51','2023-11-30 12:09:44'),(35,'9999','999',10,'2023-11-08 11:13:49','2023-11-08 11:07:56','2023-11-08 11:13:49'),(36,'10000','500000',14,'2023-11-08 11:13:50','2023-11-08 11:07:56','2023-11-08 11:13:50'),(37,'5000','200000',14,'2023-11-08 11:13:50','2023-11-08 11:07:56','2023-11-08 11:13:50'),(38,'9999','999',10,NULL,'2023-11-08 11:13:50','2023-11-08 11:13:50'),(39,'10000','500000',14,NULL,'2023-11-08 11:13:50','2023-11-08 11:13:50'),(40,'5000','200000',14,NULL,'2023-11-08 11:13:50','2023-11-08 11:13:50'),(41,'200','200000',19,'2023-11-08 18:27:02','2023-11-08 14:04:37','2023-11-08 18:27:02'),(42,'500','500000',22,'2023-11-29 13:44:38','2023-11-08 14:14:11','2023-11-29 13:44:38'),(43,'450','350000',23,'2023-12-01 13:24:40','2023-11-08 14:23:32','2023-12-01 13:24:40'),(44,'1000','500',24,NULL,'2023-11-08 14:59:14','2023-11-08 14:59:14'),(45,'5000','200000',25,'2023-12-07 17:31:50','2023-11-08 15:16:30','2023-12-07 17:31:50'),(46,'20000','300000',25,'2023-12-07 17:31:50','2023-11-08 15:16:30','2023-12-07 17:31:50'),(47,'1000','50000',26,'2023-12-07 17:31:50','2023-11-08 15:16:30','2023-12-07 17:31:50'),(48,'500','500000',22,'2023-11-30 12:37:41','2023-11-29 13:44:38','2023-11-30 12:37:41'),(49,'500','500000',22,'2023-12-01 13:19:13','2023-11-30 12:37:41','2023-12-01 13:19:13'),(50,'500','500000',22,'2023-12-01 13:19:27','2023-12-01 13:19:13','2023-12-01 13:19:27'),(51,'500','500000',22,'2023-12-01 13:21:26','2023-12-01 13:19:27','2023-12-01 13:21:26'),(52,'500','500000',22,'2023-12-01 13:22:09','2023-12-01 13:21:26','2023-12-01 13:22:09'),(53,'1','10000',28,'2023-12-01 14:15:25','2023-12-01 13:22:09','2023-12-01 14:15:25'),(54,'500','500000',22,'2023-12-01 14:15:25','2023-12-01 13:22:09','2023-12-01 14:15:25'),(55,'450','350000',23,'2023-12-07 17:04:40','2023-12-01 13:24:40','2023-12-07 17:04:40'),(56,'500','500000',22,'2023-12-01 14:15:41','2023-12-01 14:15:25','2023-12-01 14:15:41'),(57,'1','10000',28,'2023-12-01 14:15:41','2023-12-01 14:15:25','2023-12-01 14:15:41'),(58,'500','500000',22,'2023-12-01 14:15:50','2023-12-01 14:15:41','2023-12-01 14:15:50'),(59,'1','10000',28,'2023-12-01 14:15:51','2023-12-01 14:15:41','2023-12-01 14:15:51'),(60,'500','500000',22,'2023-12-01 14:17:04','2023-12-01 14:15:50','2023-12-01 14:17:04'),(61,'1','10000',28,'2023-12-01 14:17:04','2023-12-01 14:15:51','2023-12-01 14:17:04'),(62,'100','1000',29,'2023-12-01 14:17:14','2023-12-01 14:17:04','2023-12-01 14:17:14'),(63,'500','500000',22,'2023-12-01 14:17:14','2023-12-01 14:17:04','2023-12-01 14:17:14'),(64,'1','10000',28,'2023-12-01 14:17:14','2023-12-01 14:17:04','2023-12-01 14:17:14'),(65,'500','500000',22,'2023-12-01 14:17:47','2023-12-01 14:17:14','2023-12-01 14:17:47'),(66,'1','10000',28,'2023-12-01 14:17:47','2023-12-01 14:17:14','2023-12-01 14:17:47'),(67,'100','1000',29,'2023-12-01 14:17:48','2023-12-01 14:17:14','2023-12-01 14:17:48'),(68,'500','500000',22,'2023-12-01 14:17:58','2023-12-01 14:17:47','2023-12-01 14:17:58'),(69,'1','10000',28,'2023-12-01 14:17:58','2023-12-01 14:17:48','2023-12-01 14:17:58'),(70,'100','1000',29,'2023-12-01 14:17:58','2023-12-01 14:17:48','2023-12-01 14:17:58'),(71,'500','500000',22,'2023-12-01 14:54:45','2023-12-01 14:17:58','2023-12-01 14:54:45'),(72,'1','10000',28,'2023-12-01 14:54:45','2023-12-01 14:17:58','2023-12-01 14:54:45'),(73,'100','1000',29,'2023-12-01 14:54:45','2023-12-01 14:17:58','2023-12-01 14:54:45'),(74,'500','500000',22,'2023-12-01 14:54:58','2023-12-01 14:54:45','2023-12-01 14:54:58'),(75,'1','10000',28,'2023-12-01 14:54:58','2023-12-01 14:54:45','2023-12-01 14:54:58'),(76,'100','1000',29,'2023-12-01 14:54:58','2023-12-01 14:54:45','2023-12-01 14:54:58'),(77,'500','500000',22,'2023-12-01 14:55:10','2023-12-01 14:54:58','2023-12-01 14:55:10'),(78,'1','10000',28,'2023-12-01 14:55:10','2023-12-01 14:54:58','2023-12-01 14:55:10'),(79,'100','1000',29,'2023-12-01 14:55:10','2023-12-01 14:54:58','2023-12-01 14:55:10'),(80,'500','500000',22,'2023-12-01 14:55:20','2023-12-01 14:55:10','2023-12-01 14:55:20'),(81,'1','10000',28,'2023-12-01 14:55:20','2023-12-01 14:55:10','2023-12-01 14:55:20'),(82,'100','1000',29,'2023-12-01 14:55:20','2023-12-01 14:55:10','2023-12-01 14:55:20'),(83,'500','500000',22,'2023-12-01 14:55:32','2023-12-01 14:55:20','2023-12-01 14:55:32'),(84,'1','10000',28,'2023-12-01 14:55:32','2023-12-01 14:55:20','2023-12-01 14:55:32'),(85,'100','1000',29,'2023-12-01 14:55:32','2023-12-01 14:55:20','2023-12-01 14:55:32'),(86,'500','500000',22,'2023-12-01 17:25:28','2023-12-01 14:55:32','2023-12-01 17:25:28'),(87,'1','10000',28,'2023-12-01 17:25:28','2023-12-01 14:55:32','2023-12-01 17:25:28'),(88,'100','1000',29,'2023-12-01 17:25:28','2023-12-01 14:55:32','2023-12-01 17:25:28'),(89,'500','500000',22,'2023-12-02 10:22:14','2023-12-01 17:25:28','2023-12-02 10:22:14'),(90,'1','10000',28,NULL,'2023-12-01 17:25:28','2023-12-01 17:25:28'),(91,'100','1000',29,'2023-12-02 10:22:14','2023-12-01 17:25:28','2023-12-02 10:22:14'),(92,'1','1000',30,'2023-12-02 10:24:53','2023-12-02 10:22:14','2023-12-02 10:24:53'),(93,'500','500000',22,'2023-12-02 10:24:53','2023-12-02 10:22:14','2023-12-02 10:24:53'),(94,'101','1000',29,'2023-12-02 10:24:53','2023-12-02 10:22:14','2023-12-02 10:24:53'),(95,'500','500000',22,'2023-12-02 10:26:03','2023-12-02 10:24:53','2023-12-02 10:26:03'),(96,'101','1000',29,'2023-12-02 10:26:03','2023-12-02 10:24:53','2023-12-02 10:26:03'),(97,'1','1000',30,'2023-12-02 10:26:03','2023-12-02 10:24:53','2023-12-02 10:26:03'),(98,'500','500000',22,'2023-12-05 10:40:14','2023-12-02 10:26:03','2023-12-05 10:40:14'),(99,'101','1000',29,'2023-12-05 10:40:14','2023-12-02 10:26:03','2023-12-05 10:40:14'),(100,'1','1000',30,'2023-12-05 10:40:14','2023-12-02 10:26:03','2023-12-05 10:40:14'),(101,'1','1000',32,'2023-12-07 17:06:48','2023-12-07 17:04:40','2023-12-07 17:06:48'),(102,'450','350000',23,'2023-12-07 17:06:48','2023-12-07 17:04:40','2023-12-07 17:06:48'),(103,'450','350000',23,NULL,'2023-12-07 17:06:48','2023-12-07 17:06:48'),(104,'1','1000',32,NULL,'2023-12-07 17:06:48','2023-12-07 17:06:48'),(105,'5000','200000',25,NULL,'2023-12-07 17:31:50','2023-12-07 17:31:50'),(106,'20000','300000',25,NULL,'2023-12-07 17:31:50','2023-12-07 17:31:50'),(107,'1000','50000',26,NULL,'2023-12-07 17:31:50','2023-12-07 17:31:50');

UNLOCK TABLES;

DROP TABLE IF EXISTS `products`;

CREATE TABLE `products` (
  `id` bigint unsigned NOT NULL AUTO_INCREMENT,
  `name` varchar(255) NOT NULL,
  `cod` varchar(255) NOT NULL,
  `description` text NOT NULL,
  `specifications` text COLLATE utf8mb4_unicode_ci,
  `recordings` text COLLATE utf8mb4_unicode_ci,
  `included` text COLLATE utf8mb4_unicode_ci,
  `features` text COLLATE utf8mb4_unicode_ci,
  `internal_part` text COLLATE utf8mb4_unicode_ci,
  `external_part` text COLLATE utf8mb4_unicode_ci,
  `observations` text COLLATE utf8mb4_unicode_ci,
  `budget_id` bigint unsigned DEFAULT NULL,
  `deleted_at` timestamp NULL DEFAULT NULL,
  `created_at` timestamp NULL DEFAULT NULL,
  `updated_at` timestamp NULL DEFAULT NULL,
  PRIMARY KEY (`id`),
  KEY `products_budget_id_foreign` (`budget_id`),
  CONSTRAINT `products_budget_id_foreign` FOREIGN KEY (`budget_id`) REFERENCES `budgets` (`id`) ON DELETE CASCADE
) ENGINE=InnoDB AUTO_INCREMENT=39;

LOCK TABLES `products` WRITE;

INSERT INTO `products` VALUES (3,'123','123','123',NULL,NULL,NULL,NULL,NULL,NULL,NULL,NULL,'2023-05-19 16:45:10','2023-05-19 18:34:36','2023-05-19 16:45:10'),(4,'321','321','321',NULL,NULL,NULL,NULL,NULL,NULL,NULL,NULL,'2023-05-19 16:45:13','2023-05-19 16:19:10','2023-05-19 16:45:13'),(5,'teste','123','321321',NULL,NULL,NULL,NULL,NULL,NULL,NULL,NULL,'2023-11-08 14:08:55','2023-05-19 16:45:41','2023-11-08 14:08:55'),(6,'teste','unlisted','321321',NULL,NULL,NULL,NULL,NULL,NULL,NULL,1,'2023-11-29 13:38:44','2023-05-19 17:33:42','2023-11-29 13:38:44'),(7,'britania 1','unlisted','britania 1',NULL,NULL,NULL,NULL,NULL,NULL,NULL,1,'2023-11-29 13:38:44','2023-05-19 17:33:42','2023-11-29 13:38:44'),(8,'Carteira de couro','CAD123','Descrição da carteira','Espec','3','X partes','preta e marrom','forro de linho',NULL,NULL,NULL,'2023-12-04 17:32:18','2023-05-25 08:35:47','2023-12-04 17:32:18'),(9,'Carteira de couro','unlisted','Descrição da carteira','Espec','3','X partes','preta e marrom','forro de linho','courino sintético',NULL,2,'2023-11-30 12:30:30','2023-05-25 08:40:16','2023-11-30 12:30:30'),(10,'Produto Personalizado Teste','unlisted','Aqui é uma descrição do produto personalizado.','Couro','MKTG Secoli','Etiquetas','Nécessaire preta com zíper dourado','tecido revestido','Preto fosco',NULL,3,NULL,'2023-06-09 10:10:42','2023-06-09 10:10:42'),(11,'Nome do Produto Personalizado Teste','unlisted','Descrição do produto personalizado aqui.','Couro','Gravação Digital','Etiquetas','Nécessaire preta com zíper dourado','TNT 600','Preto fosco',NULL,4,'2023-12-01 13:38:47','2023-06-09 13:18:09','2023-12-01 13:38:47'),(12,'teste','unlisted','321321',NULL,NULL,NULL,NULL,NULL,NULL,NULL,3,'2023-07-12 10:50:36','2023-07-12 10:49:52','2023-07-12 10:50:36'),(13,'teste','unlisted','321321',NULL,NULL,NULL,NULL,NULL,NULL,NULL,3,'2023-11-08 11:07:56','2023-07-12 10:50:35','2023-11-08 11:07:56'),(14,'produto personalizado teste sl','unlisted','descrição obrigatória',NULL,'Bordado 5 reais','Bloco anotação','40x40','Logo','Desenho',NULL,3,NULL,'2023-07-12 11:03:37','2023-11-08 11:07:56'),(15,'Teste','unlisted','Alex','espec','gravado','incluso','carac','teste interna','externa',NULL,5,'2023-11-30 12:09:44','2023-10-31 13:39:56','2023-11-30 12:09:44'),(16,'Carteira de couro','unlisted','Descrição da carteira','Espec','3','X partes','preta e marrom','forro de linho','courino sintético',NULL,5,'2023-11-30 12:09:44','2023-10-31 13:41:51','2023-11-30 12:09:44'),(17,'Necessaire Feminina Listrada de PVC (TESTE MKT)','NES-1905A','Necessaire de pvc com alça perfeita para praias, clubes, parques, entre outros, pois o material ajuda na fácil limpeza além de ter um espaço interno amplo. Expanda suas variações em brindes, campanhas compre e ganhe e estratégias de endomarketing.','Dimensões: 122 x 200 x 120mm','Silk Screen','Espaço interno amplo','Base flexível','PVC','Zíper',NULL,NULL,'2023-12-05 09:49:15','2023-11-08 13:53:36','2023-12-05 09:49:15'),(18,'Necessaire Feminina Listrada de PVC (TESTE MKT)','NES-1905A','Necessaire de pvc com alça perfeita para praias, clubes, parques, entre outros, pois o material ajuda na fácil limpeza além de ter um espaço interno amplo. Expanda suas variações em brindes, campanhas compre e ganhe e estratégias de endomarketing.','Dimensões: 122 x 200 x 120mm','Silk Screen','Espaço interno amplo','Base flexível','PVC','Zíper',NULL,NULL,'2023-11-08 14:09:15','2023-11-08 13:53:37','2023-11-08 14:09:15'),(19,'Necessaire Feminina Listrada de PVC (TESTE MKT)','unlisted','Necessaire de pvc com alça perfeita para praias, clubes, parques, entre outros, pois o material ajuda na fácil limpeza além de ter um espaço interno amplo. Expanda suas variações em brindes, campanhas compre e ganhe e estratégias de endomarketing.','Dimensões: 122 x 200 x 120mm','Silk Screen','Espaço interno amplo','Base flexível','PVC','Zíper',NULL,6,'2023-11-08 18:27:02','2023-11-08 14:04:37','2023-11-08 18:27:02'),(20,'Necessaire Estojo Feminina (TESTE MKT)','NES-1906A','Necessaire estojo é perfeito para quem precisa de um lugar para guardar seus itens e que ao mesmo tempo não ocupam muito espaço. Expanda suas variações em brindes, campanhas compre e ganhe e estratégias de endomarketing.','Dimensões: 145 x 201 x 45mm','Baixo relevo; Silk Screen','Espaço interno amplo','Base flexível','PVC','Zíper',NULL,NULL,'2023-12-05 09:49:21','2023-11-08 14:08:46','2023-12-05 09:49:21'),(21,'Necessaire Masculina com Alça Sintética (TESTE MKT)','NES-1907A','Necessaire com alça sintética é perfeita para quem precisa guardar e levar seus itens de uma forma simples. Expanda suas variações em brindes, campanhas compre e ganhe e estratégias de endomarketing.','Dimensões: 210 x 150mm','Baixo Relevo','Alça Sintética','Base flexível','1 bolso interno em tela transparente para itens pequenos, com fechamento por zíper','Material Externo: Nylon Linho;\r\nFechamento por zíper;\r\nAlça em sintético;\r\nAba em sintético',NULL,NULL,'2023-12-05 09:49:26','2023-11-08 14:12:19','2023-12-05 09:49:26'),(22,'Necessaire Masculina com Alça Sintética (TESTE MKT)','unlisted','Necessaire com alça sintética é perfeita para quem precisa guardar e levar seus itens de uma forma simples. Expanda suas variações em brindes, campanhas compre e ganhe e estratégias de endomarketing. sss34gdfadagdsg','Dimensões: 210 x 150mm ss','Baixo Relevo sss','Alça Sintética ss','Base flexível ss','1 bolso interno em tela transparente para itens pequenos, com fechamento por zíper','Material Externo: Nylon Linho; ss\r\nFechamento por zíper;\r\nAlça em sintético;\r\nAba em sintético','teste 1',7,'2023-12-05 10:40:14','2023-11-08 14:14:11','2023-12-05 10:40:14'),(23,'Necessaire Estojo Feminina (TESTE MKT)','unlisted','Necessaire estojo é perfeito para quem precisa de um lugar para guardar seus itens e que ao mesmo tempo não ocupam muito espaço. Expanda suas variações em brindes, campanhas compre e ganhe e estratégias de endomarketing.','Dimensões: 145 x 201 x 45mm','Baixo relevo; Silk Screen','Espaço interno amplo','Base flexível','PVC','Zíper','teste',8,NULL,'2023-11-08 14:23:32','2023-12-07 17:06:48'),(24,'Necessaire Masculina com Alça Sintética (TESTE MKT)','unlisted','Necessaire com alça sintética é perfeita para quem precisa guardar e levar seus itens de uma forma simples. Expanda suas variações em brindes, campanhas compre e ganhe e estratégias de endomarketing.','Dimensões: 210 x 150mm','Baixo Relevo','Alça Sintética','Base flexível','1 bolso interno em tela transparente para itens pequenos, com fechamento por zíper','Material Externo: Nylon Linho;\r\nFechamento por zíper;\r\nAlça em sintético;\r\nAba em sintético',NULL,9,NULL,'2023-11-08 14:59:14','2023-11-08 14:59:14'),(25,'Carteira de couro','unlisted','Descrição da carteira','Espec','3','X partes','preta e marrom','forro de linho','courino sintético','TESTE',10,NULL,'2023-11-08 15:16:30','2023-12-07 17:31:50'),(26,'Necessaire ESP-4355','unlisted','Projeto Especial para cliente Globo',NULL,NULL,NULL,NULL,NULL,NULL,NULL,10,NULL,'2023-11-08 15:16:30','2023-11-08 15:16:30'),(27,'Produto teste caracteres','123','Lorem ipsum dolor sit amet, consectetur adipiscing elit. Fusce ac tortor sed velit gravida luctus in ut augue. Curabitur rhoncus metus id ex faucibus sodales. Phasellus nec tortor vitae odio semper ultricies nec vel lectus. Mauris sed mattis augue, at finibus est. Integer consectetur ullamcorper turpis, sed mattis felis pretium sed. Nullam laoreet tempor semper. In volutpat efficitur porttitor. In eget euismod leo. Suspendisse et lacus et lorem facilisis volutpat vel a metus. Aenean venenatis porta lacus et elementum.\r\n\r\nMorbi finibus arcu quis accumsan tristique. Curabitur ligula justo, pellentesque eleifend efficitur id, consequat ut nunc. Donec dictum dolor mi, eleifend commodo mauris tempus non. Sed gravida dignissim ultrices. Donec vitae blandit sem, at varius enim. Praesent lectus lacus, blandit feugiat ultrices id, vestibulum vitae sem. Aliquam non fermentum justo.\r\n\r\nCurabitur ac lacus magna. Phasellus sodales dictum facilisis. Pellentesque habitant morbi tristique senectus et netus et malesuada fames ac turpis egestas. Etiam vehicula vehicula velit, nec vehicula arcu posuere eu. Aliquam varius placerat ante, quis posuere dui rutrum semper. Pellentesque ornare magna odio, sit amet mollis ligula varius vitae. Curabitur sagittis sodales ex at maximus.\r\n\r\nUt id eros elit. Lorem ipsum dolor sit amet, consectetur adipiscing elit. Sed placerat pellentesque lacus. Sed at eleifend libero, ac efficitur nisi. Aliquam ipsum nisi, imperdiet non blandit eu, tincidunt a risus. Vestibulum lectus magna, laoreet nec congue at, fringilla eget leo. In ultrices quis metus vitae aliquam. Cras dolor velit, tristique eget sollicitudin ac, efficitur at ligula. Sed est nisl, mattis et rutrum nec, vestibulum sagittis velit. In efficitur congue sagittis. Donec facilisis pellentesque massa suscipit facilisis. Lorem ipsum dolor sit amet, consectetur adipiscing elit. Nullam non tortor et lorem tempor auctor. Cras suscipit nulla ut lacus commodo aliquet.\r\n\r\nPellentesque a neque non mauris mollis pretium. Integer vel nisl fermentum, ultricies ex id, semper diam. Fusce ut convallis urna. Vestibulum fringilla nisi ut eros cursus, sed commodo dui lacinia. Nunc mollis eleifend augue nec tristique. Maecenas sapien diam, tempor vitae porta at, dignissim sit amet tellus. Nulla eu convallis ipsum. Aliquam pellentesque erat a sapien pharetra luctus. Fusce tempor nisi ac ipsum tempus, eget dignissim mauris mollis. Proin in felis leo. Vestibulum ac erat gravida, euismod lectus quis, volutpat ante. \r\n\r\nLorem ipsum dolor sit amet, consectetur adipiscing elit. Fusce ac tortor sed velit gravida luctus in ut augue. Curabitur rhoncus metus id ex faucibus sodales. Phasellus nec tortor vitae odio semper ultricies nec vel lectus. Mauris sed mattis augue, at finibus est. Integer consectetur ullamcorper turpis, sed mattis felis pretium sed. Nullam laoreet tempor semper. In volutpat efficitur porttitor. In eget euismod leo. Suspendisse et lacus et lorem facilisis volutpat vel a metus. Aenean venenatis porta lacus et elementum.\r\n\r\nMorbi finibus arcu quis accumsan tristique. Curabitur ligula justo, pellentesque eleifend efficitur id, consequat ut nunc. Donec dictum dolor mi, eleifend commodo mauris tempus non. Sed gravida dignissim ultrices. Donec vitae blandit sem, at varius enim. Praesent lectus lacus, blandit feugiat ultrices id, vestibulum vitae sem. Aliquam non fermentum justo.\r\n\r\nCurabitur ac lacus magna. Phasellus sodales dictum facilisis. Pellentesque habitant morbi tristique senectus et netus et malesuada fames ac turpis egestas. Etiam vehicula vehicula velit, nec vehicula arcu posuere eu. Aliquam varius placerat ante, quis posuere dui rutrum semper. Pellentesque ornare magna odio, sit amet mollis ligula varius vitae. Curabitur sagittis sodales ex at maximus.\r\n\r\nUt id eros elit. Lorem ipsum dolor sit amet, consectetur adipiscing elit. Sed placerat pellentesque lacus. Sed at eleifend libero, ac efficitur nisi. Aliquam ipsum nisi, imperdiet non blandit eu, tincidunt a risus. Vestibulum lectus magna, laoreet nec congue at, fringilla eget leo. In ultrices quis metus vitae aliquam. Cras dolor velit, tristique eget sollicitudin ac, efficitur at ligula. Sed est nisl, mattis et rutrum nec, vestibulum sagittis velit. In efficitur congue sagittis. Donec facilisis pellentesque massa suscipit facilisis. Lorem ipsum dolor sit amet, consectetur adipiscing elit. Nullam non tortor et lorem tempor auctor. Cras suscipit nulla ut lacus commodo aliquet.\r\n\r\nPellentesque a neque non mauris mollis pretium. Integer vel nisl fermentum, ultricies ex id, semper diam. Fusce ut convallis urna. Vestibulum fringilla nisi ut eros cursus, sed commodo dui lacinia. Nunc mollis eleifend augue nec tristique. Maecenas sapien diam, tempor vitae porta at, dignissim sit amet tellus. Nulla eu convallis ipsum. Aliquam pellentesque erat a sapien pharetra luctus. Fusce tempor nisi ac ipsum tempus, eget dignissim mauris mollis. Proin in felis leo. Vestibulum ac erat gravida, euismod lectus quis, volutpat ante. \r\n\r\nLorem ipsum dolor sit amet, consectetur adipiscing elit. Fusce ac tortor sed velit gravida luctus in ut augue. Curabitur rhoncus metus id ex faucibus sodales. Phasellus nec tortor vitae odio semper ultricies nec vel lectus. Mauris sed mattis augue, at finibus est. Integer consectetur ullamcorper turpis, sed mattis felis pretium sed. Nullam laoreet tempor semper. In volutpat efficitur porttitor. In eget euismod leo. Suspendisse et lacus et lorem facilisis volutpat vel a metus. Aenean venenatis porta lacus et elementum.\r\n\r\nMorbi finibus arcu quis accumsan tristique. Curabitur ligula justo, pellentesque eleifend efficitur id, consequat ut nunc. Donec dictum dolor mi, eleifend commodo mauris tempus non. Sed gravida dignissim ultrices. Donec vitae blandit sem, at varius enim. Praesent lectus lacus, blandit feugiat ultrices id, vestibulum vitae sem. Aliquam non fermentum justo.\r\n\r\nCurabitur ac lacus magna. Phasellus sodales dictum facilisis. Pellentesque habitant morbi tristique senectus et netus et malesuada fames ac turpis egestas. Etiam vehicula vehicula velit, nec vehicula arcu posuere eu. Aliquam varius placerat ante, quis posuere dui rutrum semper. Pellentesque ornare magna odio, sit amet mollis ligula varius vitae. Curabitur sagittis sodales ex at maximus.\r\n\r\nUt id eros elit. Lorem ipsum dolor sit amet, consectetur adipiscing elit. Sed placerat pellentesque lacus. Sed at eleifend libero, ac efficitur nisi. Aliquam ipsum nisi, imperdiet non blandit eu, tincidunt a risus. Vestibulum lectus magna, laoreet nec congue at, fringilla eget leo. In ultrices quis metus vitae aliquam. Cras dolor velit, tristique eget sollicitudin ac, efficitur at ligula. Sed est nisl, mattis et rutrum nec, vestibulum sagittis velit. In efficitur congue sagittis. Donec facilisis pellentesque massa suscipit facilisis. Lorem ipsum dolor sit amet, consectetur adipiscing elit. Nullam non tortor et lorem tempor auctor. Cras suscipit nulla ut lacus commodo aliquet.\r\n\r\nPellentesque a neque non mauris mollis pretium. Integer vel nisl fermentum, ultricies ex id, semper diam. Fusce ut convallis urna. Vestibulum fringilla nisi ut eros cursus, sed commodo dui lacinia. Nunc mollis eleifend augue nec tristique. Maecenas sapien diam, tempor vitae porta at, dignissim sit amet tellus. Nulla eu convallis ipsum. Aliquam pellentesque erat a sapien pharetra luctus. Fusce tempor nisi ac ipsum tempus, eget dignissim mauris mollis. Proin in felis leo. Vestibulum ac erat gravida, euismod lectus quis, volutpat ante. \r\n\r\nLorem ipsum dolor sit amet, consectetur adipiscing elit. Fusce ac tortor sed velit gravida luctus in ut augue. Curabitur rhoncus metus id ex faucibus sodales. Phasellus nec tortor vitae odio semper ultricies nec vel lectus. Mauris sed mattis augue, at finibus est. Integer consectetur ullamcorper turpis, sed mattis felis pretium sed. Nullam laoreet tempor semper. In volutpat efficitur porttitor. In eget euismod leo. Suspendisse et lacus et lorem facilisis volutpat vel a metus. Aenean venenatis porta lacus et elementum.\r\n\r\nMorbi finibus arcu quis accumsan tristique. Curabitur ligula justo, pellentesque eleifend efficitur id, consequat ut nunc. Donec dictum dolor mi, eleifend commodo mauris tempus non. Sed gravida dignissim ultrices. Donec vitae blandit sem, at varius enim. Praesent lectus lacus, blandit feugiat ultrices id, vestibulum vitae sem. Aliquam non fermentum justo.\r\n\r\nCurabitur ac lacus magna. Phasellus sodales dictum facilisis. Pellentesque habitant morbi tristique senectus et netus et malesuada fames ac turpis egestas. Etiam vehicula vehicula velit, nec vehicula arcu posuere eu. Aliquam varius placerat ante, quis posuere dui rutrum semper. Pellentesque ornare magna odio, sit amet mollis ligula varius vitae. Curabitur sagittis sodales ex at maximus.\r\n\r\nUt id eros elit. Lorem ipsum dolor sit amet, consectetur adipiscing elit. Sed placerat pellentesque lacus. Sed at eleifend libero, ac efficitur nisi. Aliquam ipsum nisi, imperdiet non blandit eu, tincidunt a risus. Vestibulum lectus magna, laoreet nec congue at, fringilla eget leo. In ultrices quis metus vitae aliquam. Cras dolor velit, tristique eget sollicitudin ac, efficitur at ligula. Sed est nisl, mattis et rutrum nec, vestibulum sagittis velit. In efficitur congue sagittis. Donec facilisis pellentesque massa suscipit facilisis. Lorem ipsum dolor sit amet, consectetur adipiscing elit. Nullam non tortor et lorem tempor auctor. Cras suscipit nulla ut lacus commodo aliquet.\r\n\r\nPellentesque a neque non mauris mollis pretium. Integer vel nisl fermentum, ultricies ex id, semper diam. Fusce ut convallis urna. Vestibulum fringilla nisi ut eros cursus, sed commodo dui lacinia. Nunc mollis eleifend augue nec tristique. Maecenas sapien diam, tempor vitae porta at, dignissim sit amet tellus. Nulla eu convallis ipsum. Aliquam pellentesque erat a sapien pharetra luctus. Fusce tempor nisi ac ipsum tempus, eget dignissim mauris mollis. Proin in felis leo. Vestibulum ac erat gravida, euismod lectus quis, volutpat ante.',NULL,NULL,NULL,NULL,NULL,NULL,NULL,NULL,'2023-12-04 17:32:01','2023-11-30 13:02:12','2023-12-04 17:32:01'),(28,'ss','unlisted','ss','ss','ss','ss','ss','ss','ss','teste 2',7,'2023-12-02 10:22:14','2023-12-01 13:22:09','2023-12-02 10:22:14'),(29,'teste','unlisted','teste',NULL,NULL,NULL,NULL,NULL,NULL,'teste 3',7,'2023-12-05 10:40:14','2023-12-01 14:17:04','2023-12-05 10:40:14'),(30,'Produto teste caracteres','unlisted','Lorem ipsum dolor sit amet, consectetur adipiscing elit. Fusce ac tortor sed velit gravida luctus in ut augue. Curabitur rhoncus metus id ex faucibus sodales. Phasellus nec tortor vitae odio semper ultricies nec vel lectus. Mauris sed mattis augue, at finibus est. Integer consectetur ullamcorper turpis, sed mattis felis pretium sed. Nullam laoreet tempor semper. In volutpat efficitur porttitor. In eget euismod leo. Suspendisse et lacus et lorem facilisis volutpat vel a metus. Aenean venenatis porta lacus et elementum.\r\n\r\nMorbi finibus arcu quis accumsan tristique. Curabitur ligula justo, pellentesque eleifend efficitur id, consequat ut nunc. Donec dictum dolor mi, eleifend commodo mauris tempus non. Sed gravida dignissim ultrices. Donec vitae blandit sem, at varius enim. Praesent lectus lacus, blandit feugiat ultrices id, vestibulum vitae sem. Aliquam non fermentum justo.\r\n\r\nCurabitur ac lacus magna. Phasellus sodales dictum facilisis. Pellentesque habitant morbi tristique senectus et netus et malesuada fames ac turpis egestas. Etiam vehicula vehicula velit, nec vehicula arcu posuere eu. Aliquam varius placerat ante, quis posuere dui rutrum semper. Pellentesque ornare magna odio, sit amet mollis ligula varius vitae. Curabitur sagittis sodales ex at maximus.\r\n\r\nUt id eros elit. Lorem ipsum dolor sit amet, consectetur adipiscing elit. Sed placerat pellentesque lacus. Sed at eleifend libero, ac efficitur nisi. Aliquam ipsum nisi, imperdiet non blandit eu, tincidunt a risus. Vestibulum lectus magna, laoreet nec congue at, fringilla eget leo. In ultrices quis metus vitae aliquam. Cras dolor velit, tristique eget sollicitudin ac, efficitur at ligula. Sed est nisl, mattis et rutrum nec, vestibulum sagittis velit. In efficitur congue sagittis. Donec facilisis pellentesque massa suscipit facilisis. Lorem ipsum dolor sit amet, consectetur adipiscing elit. Nullam non tortor et lorem tempor auctor. Cras suscipit nulla ut lacus commodo aliquet.\r\n\r\nPellentesque a neque non mauris mollis pretium. Integer vel nisl fermentum, ultricies ex id, semper diam. Fusce ut convallis urna. Vestibulum fringilla nisi ut eros cursus, sed commodo dui lacinia. Nunc mollis eleifend augue nec tristique. Maecenas sapien diam, tempor vitae porta at, dignissim sit amet tellus. Nulla eu convallis ipsum. Aliquam pellentesque erat a sapien pharetra luctus. Fusce tempor nisi ac ipsum tempus, eget dignissim mauris mollis. Proin in felis leo. Vestibulum ac erat gravida, euismod lectus quis, volutpat ante. \r\n\r\nLorem ipsum dolor sit amet, consectetur adipiscing elit. Fusce ac tortor sed velit gravida luctus in ut augue. Curabitur rhoncus metus id ex faucibus sodales. Phasellus nec tortor vitae odio semper ultricies nec vel lectus. Mauris sed mattis augue, at finibus est. Integer consectetur ullamcorper turpis, sed mattis felis pretium sed. Nullam laoreet tempor semper. In volutpat efficitur porttitor. In eget euismod leo. Suspendisse et lacus et lorem facilisis volutpat vel a metus. Aenean venenatis porta lacus et elementum.\r\n\r\nMorbi finibus arcu quis accumsan tristique. Curabitur ligula justo, pellentesque eleifend efficitur id, consequat ut nunc. Donec dictum dolor mi, eleifend commodo mauris tempus non. Sed gravida dignissim ultrices. Donec vitae blandit sem, at varius enim. Praesent lectus lacus, blandit feugiat ultrices id, vestibulum vitae sem. Aliquam non fermentum justo.\r\n\r\nCurabitur ac lacus magna. Phasellus sodales dictum facilisis. Pellentesque habitant morbi tristique senectus et netus et malesuada fames ac turpis egestas. Etiam vehicula vehicula velit, nec vehicula arcu posuere eu. Aliquam varius placerat ante, quis posuere dui rutrum semper. Pellentesque ornare magna odio, sit amet mollis ligula varius vitae. Curabitur sagittis sodales ex at maximus.\r\n\r\nUt id eros elit. Lorem ipsum dolor sit amet, consectetur adipiscing elit. Sed placerat pellentesque lacus. Sed at eleifend libero, ac efficitur nisi. Aliquam ipsum nisi, imperdiet non blandit eu, tincidunt a risus. Vestibulum lectus magna, laoreet nec congue at, fringilla eget leo. In ultrices quis metus vitae aliquam. Cras dolor velit, tristique eget sollicitudin ac, efficitur at ligula. Sed est nisl, mattis et rutrum nec, vestibulum sagittis velit. In efficitur congue sagittis. Donec facilisis pellentesque massa suscipit facilisis. Lorem ipsum dolor sit amet, consectetur adipiscing elit. Nullam non tortor et lorem tempor auctor. Cras suscipit nulla ut lacus commodo aliquet.\r\n\r\nPellentesque a neque non mauris mollis pretium. Integer vel nisl fermentum, ultricies ex id, semper diam. Fusce ut convallis urna. Vestibulum fringilla nisi ut eros cursus, sed commodo dui lacinia. Nunc mollis eleifend augue nec tristique. Maecenas sapien diam, tempor vitae porta at, dignissim sit amet tellus. Nulla eu convallis ipsum. Aliquam pellentesque erat a sapien pharetra luctus. Fusce tempor nisi ac ipsum tempus, eget dignissim mauris mollis. Proin in felis leo. Vestibulum ac erat gravida, euismod lectus quis, volutpat ante. \r\n\r\nLorem ipsum dolor sit amet, consectetur adipiscing elit. Fusce ac tortor sed velit gravida luctus in ut augue. Curabitur rhoncus metus id ex faucibus sodales. Phasellus nec tortor vitae odio semper ultricies nec vel lectus. Mauris sed mattis augue, at finibus est. Integer consectetur ullamcorper turpis, sed mattis felis pretium sed. Nullam laoreet tempor semper. In volutpat efficitur porttitor. In eget euismod leo. Suspendisse et lacus et lorem facilisis volutpat vel a metus. Aenean venenatis porta lacus et elementum.\r\n\r\nMorbi finibus arcu quis accumsan tristique. Curabitur ligula justo, pellentesque eleifend efficitur id, consequat ut nunc. Donec dictum dolor mi, eleifend commodo mauris tempus non. Sed gravida dignissim ultrices. Donec vitae blandit sem, at varius enim. Praesent lectus lacus, blandit feugiat ultrices id, vestibulum vitae sem. Aliquam non fermentum justo.\r\n\r\nCurabitur ac lacus magna. Phasellus sodales dictum facilisis. Pellentesque habitant morbi tristique senectus et netus et malesuada fames ac turpis egestas. Etiam vehicula vehicula velit, nec vehicula arcu posuere eu. Aliquam varius placerat ante, quis posuere dui rutrum semper. Pellentesque ornare magna odio, sit amet mollis ligula varius vitae. Curabitur sagittis sodales ex at maximus.\r\n\r\nUt id eros elit. Lorem ipsum dolor sit amet, consectetur adipiscing elit. Sed placerat pellentesque lacus. Sed at eleifend libero, ac efficitur nisi. Aliquam ipsum nisi, imperdiet non blandit eu, tincidunt a risus. Vestibulum lectus magna, laoreet nec congue at, fringilla eget leo. In ultrices quis metus vitae aliquam. Cras dolor velit, tristique eget sollicitudin ac, efficitur at ligula. Sed est nisl, mattis et rutrum nec, vestibulum sagittis velit. In efficitur congue sagittis. Donec facilisis pellentesque massa suscipit facilisis. Lorem ipsum dolor sit amet, consectetur adipiscing elit. Nullam non tortor et lorem tempor auctor. Cras suscipit nulla ut lacus commodo aliquet.\r\n\r\nPellentesque a neque non mauris mollis pretium. Integer vel nisl fermentum, ultricies ex id, semper diam. Fusce ut convallis urna. Vestibulum fringilla nisi ut eros cursus, sed commodo dui lacinia. Nunc mollis eleifend augue nec tristique. Maecenas sapien diam, tempor vitae porta at, dignissim sit amet tellus. Nulla eu convallis ipsum. Aliquam pellentesque erat a sapien pharetra luctus. Fusce tempor nisi ac ipsum tempus, eget dignissim mauris mollis. Proin in felis leo. Vestibulum ac erat gravida, euismod lectus quis, volutpat ante. \r\n\r\nLorem ipsum dolor sit amet, consectetur adipiscing elit. Fusce ac tortor sed velit gravida luctus in ut augue. Curabitur rhoncus metus id ex faucibus sodales. Phasellus nec tortor vitae odio semper ultricies nec vel lectus. Mauris sed mattis augue, at finibus est. Integer consectetur ullamcorper turpis, sed mattis felis pretium sed. Nullam laoreet tempor semper. In volutpat efficitur porttitor. In eget euismod leo. Suspendisse et lacus et lorem facilisis volutpat vel a metus. Aenean venenatis porta lacus et elementum.\r\n\r\nMorbi finibus arcu quis accumsan tristique. Curabitur ligula justo, pellentesque eleifend efficitur id, consequat ut nunc. Donec dictum dolor mi, eleifend commodo mauris tempus non. Sed gravida dignissim ultrices. Donec vitae blandit sem, at varius enim. Praesent lectus lacus, blandit feugiat ultrices id, vestibulum vitae sem. Aliquam non fermentum justo.\r\n\r\nCurabitur ac lacus magna. Phasellus sodales dictum facilisis. Pellentesque habitant morbi tristique senectus et netus et malesuada fames ac turpis egestas. Etiam vehicula vehicula velit, nec vehicula arcu posuere eu. Aliquam varius placerat ante, quis posuere dui rutrum semper. Pellentesque ornare magna odio, sit amet mollis ligula varius vitae. Curabitur sagittis sodales ex at maximus.\r\n\r\nUt id eros elit. Lorem ipsum dolor sit amet, consectetur adipiscing elit. Sed placerat pellentesque lacus. Sed at eleifend libero, ac efficitur nisi. Aliquam ipsum nisi, imperdiet non blandit eu, tincidunt a risus. Vestibulum lectus magna, laoreet nec congue at, fringilla eget leo. In ultrices quis metus vitae aliquam. Cras dolor velit, tristique eget sollicitudin ac, efficitur at ligula. Sed est nisl, mattis et rutrum nec, vestibulum sagittis velit. In efficitur congue sagittis. Donec facilisis pellentesque massa suscipit facilisis. Lorem ipsum dolor sit amet, consectetur adipiscing elit. Nullam non tortor et lorem tempor auctor. Cras suscipit nulla ut lacus commodo aliquet.\r\n\r\nPellentesque a neque non mauris mollis pretium. Integer vel nisl fermentum, ultricies ex id, semper diam. Fusce ut convallis urna. Vestibulum fringilla nisi ut eros cursus, sed commodo dui lacinia. Nunc mollis eleifend augue nec tristique. Maecenas sapien diam, tempor vitae porta at, dignissim sit amet tellus. Nulla eu convallis ipsum. Aliquam pellentesque erat a sapien pharetra luctus. Fusce tempor nisi ac ipsum tempus, eget dignissim mauris mollis. Proin in felis leo. Vestibulum ac erat gravida, euismod lectus quis, volutpat ante.','123','123','213','123','123','123','Lorem ipsum dolor sit amet, consectetur adipiscing elit. Fusce ac tortor sed velit gravida luctus in ut augue. Curabitur rhoncus metus id ex faucibus sodales. Phasellus nec tortor vitae odio semper ultricies nec vel lectus. Mauris sed mattis augue, at finibus est. Integer consectetur ullamcorper turpis, sed mattis felis pretium sed. Nullam laoreet tempor semper. In volutpat efficitur porttitor. In eget euismod leo. Suspendisse et lacus et lorem facilisis volutpat vel a metus. Aenean venenatis porta lacus et elementum.',7,'2023-12-05 10:40:14','2023-12-02 10:22:14','2023-12-05 10:40:14'),(31,'Necessaire Transparente Kit Trio','KIT- 4920','Descubra a versatilidade e estilo da nossa necessaire transparente unissex, confeccionada em PVC de alta qualidade. \r\n\r\nCom um acabamento externo em verniz, esta necessaire une praticidade e modernidade em um design transparente. \r\n\r\nSeu fechamento em zíper garante segurança e fácil acesso aos seus pertences. \r\n\r\nIdeal para viagens ou uso diário, esta peça versátil é perfeita para guardar e exibir seus itens essenciais com estilo. \r\n\r\nTodos os nossos produtos estão disponíveis em tamanhos, cores, materiais e gravações totalmente personalizáveis. \r\n\r\nSolicite seu orçamento e desenvolva seus projetos como desejar.','240 X 170 X 50 MM (G)    210 X 145 X 40 MM (M)  180 X 120 X 30 MM (P)','Silk Screen',NULL,NULL,NULL,NULL,NULL,NULL,NULL,'2023-12-05 11:26:47','2023-12-20 09:05:16'),(32,'Kit Trio Necessaire Transparente','unlisted','Descubra a versatilidade e estilo da nossa necessaire transparente unissex, confeccionada em PVC de alta qualidade. \r\n\r\nCom um acabamento externo em verniz, esta necessaire une praticidade e modernidade em um design transparente. \r\n\r\nSeu fechamento em zíper garante segurança e fácil acesso aos seus pertences. \r\n\r\nIdeal para viagens ou uso diário, esta peça versátil é perfeita para guardar e exibir seus itens essenciais com estilo. \r\n\r\nTodos os nossos produtos estão disponíveis em tamanhos, cores, materiais e gravações totalmente personalizáveis. \r\n\r\nSolicite seu orçamento e desenvolva seus projetos como desejar.','240 X 170 X 50 MM (G)    210 X 145 X 40 MM (M)  180 X 120 X 30 MM (P)','Silk Screen',NULL,NULL,NULL,NULL,'teste',8,NULL,'2023-12-07 17:04:40','2023-12-07 17:06:48'),(33,'Necessaire Feminina','NES-1905A','Descubra a elegância e praticidade da nossa necessaire feminina confeccionada em PVC Columbia, projetada para atender às suas necessidades diárias. \r\n\r\nCom fechamento em zíper, esta necessaire combina estilo e funcionalidade para armazenar seus itens essenciais de forma organizada e segura. \r\n\r\nSeja para viagens ou uso cotidiano, esta é a escolha perfeita para acompanhar seu estilo. \r\n\r\nExplore a durabilidade e sofisticação do PVC Columbia nesta necessaire que une qualidade e design. \r\n\r\nTodos os nossos produtos estão disponíveis em tamanhos, cores, materiais e gravações totalmente personalizáveis. \r\n\r\nSolicite seu orçamento e desenvolva seus projetos como desejar.','122 x 200 x 120mm','Baixo relevo; Silk Screen',NULL,NULL,NULL,'CONFECCIONADO EM PVC COLUMBIA, FECHAMENTO EM ZIPER.',NULL,NULL,NULL,'2023-12-18 16:08:20','2023-12-19 11:56:41'),(34,'Necessaire Masculina','NES-1909B','Explore a praticidade e durabilidade da nossa necessaire masculina confeccionada em lona premium. \r\n\r\nCom um forro interno resistente em lonita, esta necessaire combina estilo e funcionalidade para armazenar seus itens com segurança. \r\n\r\nSeu fechamento em zíper oferece praticidade no acesso aos seus pertences. \r\n\r\nIdeal para viagens ou uso diário, este acessório é o companheiro perfeito para manter seus itens essenciais organizados.\r\n\r\nTodos os nossos produtos estão disponíveis em tamanhos, cores, materiais e gravações totalmente personalizáveis. \r\n\r\nSolicite seu orçamento e desenvolva seus projetos como desejar.',NULL,'Silk Screen',NULL,NULL,'FORRO INTERNO LONITA,',NULL,NULL,NULL,NULL,'2023-12-20 08:29:11','2023-12-20 08:31:40'),(35,'Necessaire Masculina','NES-1910A','Descubra a funcionalidade e estilo da nossa necessaire masculina, confeccionada com um corpo externo resistente em nylon 600 e forro interno 70 resinado, garantindo durabilidade e proteção aos seus pertences. \r\n\r\nCom um bolso frontal emborrachado detalhado com silk-screen, este acessório oferece um toque moderno e organizado. \r\n\r\nSeu fechamento em zíper assegura a segurança dos itens armazenados. \r\n\r\nPerfeita para viagens ou uso diário, esta necessaire é o complemento ideal para manter seus itens essenciais organizados com praticidade e estilo. \r\n\r\nTodos os nossos produtos estão disponíveis em tamanhos, cores, materiais e gravações totalmente personalizáveis. \r\n\r\nSolicite seu orçamento e desenvolva seus projetos como desejar.',NULL,'Silk Screen',NULL,NULL,NULL,NULL,NULL,NULL,NULL,'2023-12-20 08:35:11','2023-12-20 08:36:26'),(36,'Necessaire Feminina Porta Pincel','NES-1912A','Descubra a elegância e praticidade da nossa necessaire feminina confeccionada em material 70 resinado, oferecendo durabilidade e resistência. \r\n\r\nCom dois bolsos externos e um bolso maior no corpo, esta necessaire foi projetada para atender às suas necessidades de organização. \r\n\r\nIdeal para viagens ou uso diário, este acessório versátil proporciona praticidade no armazenamento de itens essenciais. \r\n\r\nAproveite a funcionalidade e o design sofisticado desta necessaire feminina para agregar estilo e organização ao seu cotidiano.\r\n\r\nTodos os nossos produtos estão disponíveis em tamanhos, cores, materiais e gravações totalmente personalizáveis. \r\n\r\nSolicite seu orçamento e desenvolva seus projetos como desejar.',NULL,'Silk Screen',NULL,NULL,NULL,NULL,NULL,NULL,NULL,'2023-12-20 09:04:38','2023-12-20 09:04:56'),(37,'Necessaire Masculina','NES-802','Descubra a praticidade e estilo da nossa necessaire masculina confeccionada em jeans, destacando-se com um bolso frontal exclusivo para armazenar um espelho. \r\n\r\nEste acessório é a combinação perfeita de funcionalidade e moda, ideal para manter seus itens essenciais organizados com estilo. \r\n\r\nSeja para viagens ou uso diário, a versatilidade desta necessaire oferece conveniência no armazenamento de seus pertences.\r\n\r\nTodos os nossos produtos estão disponíveis em tamanhos, cores, materiais e gravações totalmente personalizáveis. \r\n\r\nSolicite seu orçamento e desenvolva seus projetos como desejar.',NULL,'Silk Screen',NULL,NULL,NULL,NULL,NULL,NULL,NULL,'2023-12-20 09:13:13','2023-12-20 09:14:18'),(38,'Necessaire Feminina','NES-804','Explore a elegância e durabilidade da nossa necessaire feminina confeccionada em couro sintético, com um forro interno resistente de 70 resinado. \r\n\r\nEste acessório combina estilo e funcionalidade, oferecendo durabilidade e proteção para seus itens essenciais. \r\n\r\nPerfeita para viagens ou uso diário, esta necessaire é projetada para manter seus pertences organizados com praticidade e sofisticação.\r\n\r\nTodos os nossos produtos estão disponíveis em tamanhos, cores, materiais e gravações totalmente personalizáveis. \r\n\r\nSolicite seu orçamento e desenvolva seus projetos como desejar.',NULL,'Silk Screen',NULL,NULL,NULL,'CONFECCIONADO EM COURO SINTETICO ,FORRO INTERNO 70 RESINADO',NULL,NULL,NULL,'2023-12-20 09:20:53','2023-12-20 09:20:53');

UNLOCK TABLES;

DROP TABLE IF EXISTS `sub_categories`;

CREATE TABLE `sub_categories` (
  `id` bigint unsigned NOT NULL AUTO_INCREMENT,
  `name` varchar(255) NOT NULL,
  `deleted_at` timestamp NULL DEFAULT NULL,
  `created_at` timestamp NULL DEFAULT NULL,
  `updated_at` timestamp NULL DEFAULT NULL,
  `category_id` bigint unsigned NOT NULL,
  PRIMARY KEY (`id`),
  KEY `sub_categories_category_id_foreign` (`category_id`),
  CONSTRAINT `sub_categories_category_id_foreign` FOREIGN KEY (`category_id`) REFERENCES `categories` (`id`)
) ENGINE=InnoDB AUTO_INCREMENT=116;

LOCK TABLES `sub_categories` WRITE;

INSERT INTO `sub_categories` VALUES (1,'sub 1',NULL,'2023-05-19 18:21:37','2023-05-19 18:21:37',1),(2,'sub 2','2023-05-19 18:21:50','2023-05-19 18:21:37','2023-05-19 18:21:50',1),(3,'sub 2',NULL,'2023-05-19 18:21:59','2023-05-19 18:21:59',1),(4,'sub 3',NULL,'2023-05-19 18:21:59','2023-05-19 18:21:59',1),(5,'sub 3',NULL,'2023-05-19 18:22:13','2023-05-19 18:22:13',2),(6,'teste 2',NULL,'2023-05-19 18:22:33','2023-05-19 18:22:33',3),(7,'teste 3',NULL,'2023-05-19 18:22:33','2023-05-19 18:22:33',3),(8,'Masculinas',NULL,'2023-05-25 08:41:10','2023-05-25 08:41:10',4),(9,'Femininas',NULL,'2023-05-25 08:41:10','2023-05-25 08:41:10',4),(10,'Estojo',NULL,'2023-12-04 11:01:55','2023-12-05 10:05:00',5),(11,'Feminina','2023-12-05 10:05:00','2023-12-04 11:01:55','2023-12-05 10:05:00',5),(12,'Mala',NULL,'2023-12-05 09:52:32','2023-12-05 10:10:37',6),(13,'Shouderbag',NULL,'2023-12-05 09:52:32','2023-12-05 10:10:37',6),(14,'Masculina',NULL,'2023-12-05 09:52:59','2023-12-05 09:52:59',7),(15,'Feminina',NULL,'2023-12-05 09:52:59','2023-12-05 09:52:59',7),(16,'Dobrável',NULL,'2023-12-05 09:53:35','2023-12-05 10:11:56',8),(17,'Ecológica',NULL,'2023-12-05 09:53:35','2023-12-05 10:11:56',8),(18,'Todos',NULL,'2023-12-05 09:53:55','2023-12-05 09:53:55',9),(19,'Porta Vinho',NULL,'2023-12-05 09:54:19','2023-12-05 10:13:09',10),(20,'Porta Pincel',NULL,'2023-12-05 09:54:19','2023-12-05 10:13:09',10),(21,'Masculino',NULL,'2023-12-05 09:54:52','2023-12-05 09:54:52',11),(22,'Feminino',NULL,'2023-12-05 09:54:52','2023-12-05 09:54:52',11),(23,'Organizador de Mesa',NULL,'2023-12-05 09:57:21','2023-12-05 09:57:21',12),(24,'Agenda',NULL,'2023-12-05 09:57:21','2023-12-05 09:57:21',12),(25,'Bloco de Anotação',NULL,'2023-12-05 09:57:21','2023-12-05 09:57:21',12),(26,'Moleskine',NULL,'2023-12-05 09:57:21','2023-12-05 09:57:21',12),(27,'Mousepad',NULL,'2023-12-05 09:57:21','2023-12-05 09:57:21',12),(28,'Porta Bloco',NULL,'2023-12-05 09:57:21','2023-12-05 09:57:21',12),(29,'Apoio de Teclado',NULL,'2023-12-05 09:57:21','2023-12-05 09:57:21',12),(30,'Porta Canetas',NULL,'2023-12-05 09:57:21','2023-12-05 09:57:21',12),(31,'Porta Cartão',NULL,'2023-12-05 09:57:21','2023-12-05 09:57:21',12),(32,'Porta Receituário',NULL,'2023-12-05 09:57:21','2023-12-05 09:57:21',12),(33,'Pasta Convenção',NULL,'2023-12-05 09:57:21','2023-12-05 09:57:21',12),(34,'Pasta Executiva',NULL,'2023-12-05 09:57:21','2023-12-05 09:57:21',12),(35,'Porta Tablet',NULL,'2023-12-05 09:57:21','2023-12-05 09:57:21',12),(36,'Porta Retrato',NULL,'2023-12-05 09:57:21','2023-12-05 09:57:21',12),(37,'Caderno',NULL,'2023-12-05 09:57:21','2023-12-05 09:57:21',12),(38,'Risque e Rabisque',NULL,'2023-12-05 09:57:21','2023-12-05 09:57:21',12),(39,'Caneta',NULL,'2023-12-05 09:57:21','2023-12-05 09:57:21',12),(40,'Frasue','2023-12-05 10:05:00','2023-12-05 10:05:00','2023-12-05 10:05:00',5),(41,'Frasqueiras',NULL,'2023-12-05 10:05:00','2023-12-05 10:06:33',5),(42,'Organizadoras',NULL,'2023-12-05 10:06:33','2023-12-05 10:06:33',5),(43,'Porta Pincel',NULL,'2023-12-05 10:06:33','2023-12-05 10:06:33',5),(44,'Transparente',NULL,'2023-12-05 10:06:33','2023-12-05 10:06:33',5),(45,'Embalagem',NULL,'2023-12-05 10:06:33','2023-12-05 10:06:33',5),(46,'Bucal',NULL,'2023-12-05 10:06:33','2023-12-05 10:06:33',5),(47,'Cabideiro',NULL,'2023-12-05 10:06:33','2023-12-05 10:06:33',5),(48,'Praia',NULL,'2023-12-05 10:06:33','2023-12-05 10:06:33',5),(49,'Bolsa Carteiro',NULL,'2023-12-05 10:10:37','2023-12-05 10:10:37',6),(50,'Bolsa Términca',NULL,'2023-12-05 10:10:37','2023-12-05 10:10:37',6),(51,'Bolsa Tiracolo',NULL,'2023-12-05 10:10:37','2023-12-05 10:10:37',6),(52,'Bolsa para Academia',NULL,'2023-12-05 10:10:37','2023-12-05 10:10:37',6),(53,'Bolsa para Maternidade',NULL,'2023-12-05 10:10:37','2023-12-05 10:10:37',6),(54,'Bolsa para Notebook',NULL,'2023-12-05 10:10:37','2023-12-05 10:10:37',6),(55,'Mala para Viagem',NULL,'2023-12-05 10:10:37','2023-12-05 10:10:37',6),(56,'Porta Tênis',NULL,'2023-12-05 10:10:37','2023-12-05 10:10:37',6),(57,'Lancheira Térmica',NULL,'2023-12-05 10:10:37','2023-12-05 10:10:37',6),(58,'Indentificador de Mala',NULL,'2023-12-05 10:10:37','2023-12-05 10:10:37',6),(59,'Organizador de Mala',NULL,'2023-12-05 10:10:37','2023-12-05 10:10:37',6),(60,'Capa para Mala',NULL,'2023-12-05 10:10:37','2023-12-05 10:10:37',6),(61,'Infantil',NULL,'2023-12-05 10:10:37','2023-12-05 10:10:37',6),(62,'Maternidade',NULL,'2023-12-05 10:10:37','2023-12-05 10:10:37',6),(63,'Mochila Saco',NULL,'2023-12-05 10:10:37','2023-12-05 10:10:37',6),(64,'Mochila Antifurto',NULL,'2023-12-05 10:10:37','2023-12-05 10:10:37',6),(65,'Pasta Envelope',NULL,'2023-12-05 10:10:37','2023-12-05 10:10:37',6),(66,'Sacochila',NULL,'2023-12-05 10:11:56','2023-12-05 10:11:56',8),(67,'Sacola com Ziper',NULL,'2023-12-05 10:11:56','2023-12-05 10:11:56',8),(68,'Sacola Térmica',NULL,'2023-12-05 10:11:56','2023-12-05 10:11:56',8),(69,'Sacola de Praia',NULL,'2023-12-05 10:11:56','2023-12-05 10:11:56',8),(70,'Porta Óculos',NULL,'2023-12-05 10:13:09','2023-12-05 10:13:09',10),(71,'Porta Chuteira',NULL,'2023-12-05 10:13:09','2023-12-05 10:13:09',10),(72,'Porta Batom',NULL,'2023-12-05 10:13:09','2023-12-05 10:13:09',10),(73,'Squeeze',NULL,'2023-12-05 10:14:17','2023-12-05 10:14:17',13),(74,'Caneta',NULL,'2023-12-05 10:14:17','2023-12-05 10:14:17',13),(75,'Caneca/Copo',NULL,'2023-12-05 10:14:17','2023-12-05 10:14:17',13),(76,'Carregadores Power Bank',NULL,'2023-12-05 10:14:17','2023-12-05 10:14:17',13),(77,'Chaveiro',NULL,'2023-12-05 10:14:17','2023-12-05 10:14:17',13),(78,'Kit Churrasco',NULL,'2023-12-05 10:14:17','2023-12-05 10:14:17',13),(79,'Carteira com alça',NULL,'2023-12-05 10:14:49','2023-12-05 10:14:49',7),(80,'Carteira Slim',NULL,'2023-12-05 10:14:49','2023-12-05 10:14:49',7),(81,'Porta Cartão',NULL,'2023-12-05 10:14:49','2023-12-05 10:14:49',7),(82,'Porta Celular',NULL,'2023-12-05 10:14:49','2023-12-05 10:14:49',7),(83,'Porta Documento',NULL,'2023-12-05 10:14:49','2023-12-05 10:14:49',7),(84,'Carteira de Mão',NULL,'2023-12-05 10:14:49','2023-12-05 10:14:49',7),(85,'Doleira',NULL,'2023-12-05 10:14:49','2023-12-05 10:14:49',7),(86,'Porta Níquel',NULL,'2023-12-05 10:14:49','2023-12-05 10:14:49',7),(87,'Cluth',NULL,'2023-12-05 10:14:49','2023-12-05 10:14:49',7),(88,'Pochete',NULL,'2023-12-05 10:14:49','2023-12-05 10:14:49',7),(89,'Porta Passaporte',NULL,'2023-12-05 10:14:49','2023-12-05 10:14:49',7),(90,'Presente Corporativo',NULL,'2023-12-05 10:18:00','2023-12-05 10:18:00',14),(91,'Home Office',NULL,'2023-12-05 10:18:00','2023-12-05 10:18:00',14),(92,'Kit Onboarding',NULL,'2023-12-05 10:18:00','2023-12-05 10:18:00',14),(93,'Itens para Viagem',NULL,'2023-12-05 10:18:00','2023-12-05 10:18:00',14),(94,'Itens para Cozinha',NULL,'2023-12-05 10:18:00','2023-12-05 10:18:00',14),(95,'Linha Fitness',NULL,'2023-12-05 10:18:00','2023-12-05 10:18:00',14),(96,'Linha Pet',NULL,'2023-12-05 10:18:00','2023-12-05 10:18:00',14),(97,'Linha Kids e Baby',NULL,'2023-12-05 10:18:00','2023-12-05 10:18:00',14),(98,'Tecnologia',NULL,'2023-12-05 10:18:00','2023-12-05 10:18:00',14),(99,'Cosméticos / Maquiágem',NULL,'2023-12-05 10:18:00','2023-12-05 10:18:00',14),(100,'Brindes de Praia / Verão',NULL,'2023-12-05 10:18:00','2023-12-05 10:18:00',14),(101,'Brindes para Dia das Mães',NULL,'2023-12-05 10:18:00','2023-12-05 10:18:00',14),(102,'Brindes para Dia dos Pais',NULL,'2023-12-05 10:18:00','2023-12-05 10:18:00',14),(103,'Brindes para Dia da Secretária',NULL,'2023-12-05 10:18:00','2023-12-05 10:18:00',14),(104,'Brindes para Carnaval',NULL,'2023-12-05 10:18:00','2023-12-05 10:18:00',14),(105,'Brinde para Dia dos Namorados',NULL,'2023-12-05 10:18:00','2023-12-05 10:18:00',14),(106,'Brindes para Black Friday',NULL,'2023-12-05 10:18:00','2023-12-05 10:18:00',14),(107,'Brindes para Natal',NULL,'2023-12-05 10:18:00','2023-12-05 10:18:00',14),(108,'Brindes para Ano Novo',NULL,'2023-12-05 10:18:00','2023-12-05 10:18:00',14),(109,'Brindes Corporativos',NULL,'2023-12-05 10:18:00','2023-12-05 10:18:00',14),(110,'Brindes para Funcionários',NULL,'2023-12-05 10:18:00','2023-12-05 10:18:00',14),(111,'Brindes para PDV',NULL,'2023-12-05 10:18:00','2023-12-05 10:18:00',14),(112,'Brindes Para Eventos / Convenção',NULL,'2023-12-05 10:18:00','2023-12-05 10:18:00',14),(113,'Brindes Criativos',NULL,'2023-12-05 10:18:00','2023-12-05 10:18:00',14),(114,'Brindes Masculino',NULL,'2023-12-05 10:18:00','2023-12-05 10:18:00',14),(115,'Brindes Femininos',NULL,'2023-12-05 10:18:00','2023-12-05 10:18:00',14);

UNLOCK TABLES;

DROP TABLE IF EXISTS `sub_category_product`;

CREATE TABLE `sub_category_product` (
  `id` bigint unsigned NOT NULL AUTO_INCREMENT,
  `sub_category_id` bigint unsigned NOT NULL,
  `product_id` bigint unsigned NOT NULL,
  PRIMARY KEY (`id`),
  KEY `sub_category_product_sub_category_id_foreign` (`sub_category_id`),
  KEY `sub_category_product_product_id_foreign` (`product_id`),
  CONSTRAINT `sub_category_product_product_id_foreign` FOREIGN KEY (`product_id`) REFERENCES `products` (`id`),
  CONSTRAINT `sub_category_product_sub_category_id_foreign` FOREIGN KEY (`sub_category_id`) REFERENCES `sub_categories` (`id`)
) ENGINE=InnoDB;

LOCK TABLES `sub_category_product` WRITE;

UNLOCK TABLES;

DROP TABLE IF EXISTS `users`;

CREATE TABLE `users` (
  `id` bigint unsigned NOT NULL AUTO_INCREMENT,
  `name` varchar(255) NOT NULL,
  `email` varchar(255) NOT NULL,
  `email_verified_at` timestamp NULL DEFAULT NULL,
  `role` varchar(255) NOT NULL,
  `password` varchar(255) NOT NULL,
  `phone` varchar(255) NOT NULL,
  `remember_token` varchar(100) DEFAULT NULL,
  `deleted_at` timestamp NULL DEFAULT NULL,
  `created_at` timestamp NULL DEFAULT NULL,
  `updated_at` timestamp NULL DEFAULT NULL,
  PRIMARY KEY (`id`),
  UNIQUE KEY `users_email_unique` (`email`)
) ENGINE=InnoDB AUTO_INCREMENT=5;

LOCK TABLES `users` WRITE;

INSERT INTO `users` VALUES (1,'Admin Smartlead','admin@email.com','2023-05-19 17:49:02','admin','$2y$10$kcIEdoJi0n42TciLOoXp.OoJBZ77ilXiqwqekbQy6MX3Y61aGMvA.','(11) 99999-9999','bL6Gmzx8vpfgF8jjbIBBY88saqlyqxkpc5e1EX45lVusSH3bgnszMaRW3f3N',NULL,'2023-05-19 17:49:02','2023-05-19 17:55:25'),(2,'Vendedor Smartlead','seller@email.com','2023-05-19 17:49:02','seller','$2y$10$jysxijC5IrNLlSNNLHqwiOvA0ZzDpQttCUes5P3Ga2Vn4ggdVVsYi','(11) 99999-9999','oqwV84zLXK3xsJp9ASkw8EDIhF7hMjyR4aKAYrgEFIKm4Na4HpWKrmbT77SR',NULL,'2023-05-19 17:49:02','2023-05-19 17:56:34'),(3,'Vinícius','viniciustavolaro@gmail.com',NULL,'admin','$2y$10$2xLlv.NbWw4eUsCg5wgWp.Ro7XOo4yr4T6IX8Br9.//S2KLR0HcM6','(12) 99999-9999','Iq1m7FlBetqkfzXgEUhE9L78HJkMD0miv58xPSq878cAkEFOPqm7cpiIRPj9',NULL,'2023-05-22 09:46:12','2023-12-01 17:24:52'),(4,'Alex','alex@smartlead.com.br',NULL,'seller','$2y$10$F7X72K8Ffk90HYayXzj3PeYD9x/TBvbmBvhkE7RHhZZfovDVY..xi','(11) 98965-7995',NULL,NULL,'2023-11-08 10:03:23','2023-12-01 13:23:48');

UNLOCK TABLES;
SET @@SESSION.SQL_LOG_BIN = @MYSQLDUMP_TEMP_LOG_BIN;